1.9310329999999998,0.21135300000000012,13.772166650207007
1.9718568695124081,0.21790847450064388,14.324485473312635
2.0126304788834504,0.22465530385481602,15.562690686439128
2.053363609381934,0.2315565530699064,17.811457874114787
2.0940660422766615,0.2385752871533049,50.0
2.134747558836437,0.24567457111240487,50.0
2.175417940330066,0.2528174699545962,50.0
2.2160869680263553,0.2599670486872643,50.0
2.2567644231941055,0.2670863723178105,50.0
2.2974600871021233,0.2741385058536141,17.837890804398924
2.3381837410192126,0.28108651430207376,15.335069925158734
2.3789451662141787,0.28789346267057625,13.729188159563956
2.4197541439558274,0.29452241596651185,12.744859042749255
2.46062045551296,0.30093643919727575,12.260569338274559
2.501553882154384,0.30709859737025247,12.270831934933822
2.54256407866441,0.3129724307474382,12.938739814266164
2.5836492202537777,0.31856461310047934,14.740926567857105
2.624786995263569,0.32395879585053167,19.37627751655384
2.665952972371611,0.3292465948709695,50.0
2.707122720255738,0.33451962603515173,50.0
2.7482718075937824,0.33986950521645043,14.084924303034889
2.789375803063573,0.3453878482882333,11.326251526913008
2.830410275342945,0.3511662711238619,10.0
2.871350793109728,0.3572963895967096,10.0
2.9121729250417547,0.36386981958014286,10.0
2.9528522398168575,0.3709781769475218,10.0
2.993364306112866,0.37871307757222517,10.0
3.0336846926076144,0.38716613732760874,10.0
3.0737889679789343,0.3964289720870473,10.0
3.113652700904655,0.4065931977239037,10.0
3.153253220457573,0.4177439316662903,10.0
3.1925986164782123,0.42985273888991204,10.0
3.2317231445983743,0.4427945941359488,10.0
3.270661894302316,0.4564413940042533,10.0
3.3094499550742866,0.47066503509468327,10.0
3.348122416398541,0.4853374140070914,10.197949234238225
3.386714367759328,0.500330427341334,13.207654227383605
3.4252608986409077,0.5155159716972582,50.0
3.463797098527524,0.5307659436747276,50.0
3.502358056903437,0.545952239873589,13.072517865354182
3.5409788632528936,0.5609467568937025,10.208914031812107
3.579694607060152,0.5756213913349189,10.0
3.618540377809461,0.5898480397970933,10.0
3.6575512649850705,0.6034985988800832,10.0
3.6967616828031225,0.6164474792500092,10.0
3.736179868015467,0.6286665519421153,10.0
3.7757800944302473,0.6402541341972767,10.0
3.8155343703258136,0.6513169779682435,10.0
3.8554147039805238,0.661961835207763,10.232344847128319
3.895393103672738,0.6722954578685834,12.578881265652262
3.935441577680805,0.6824245979034564,18.01328810702224
3.975532134283083,0.6924560072651296,50.0
4.01563678175793,0.7024964379063496,17.20642549216939
4.0557275283837,0.7126526417798706,12.313880452956697
4.095776382438748,0.723031370838435,10.117385407006715
4.135755352201434,0.7337393770347933,10.0
4.17563644595011,0.7448834123216959,10.0
4.215391671963131,0.7565702286518932,10.0
4.254992203505658,0.7689045025824235,10.0
4.294396989349654,0.7819605271257621,10.0
4.333555703924896,0.7957895442455782,10.0
4.37241779082318,0.810442222165914,10.0
4.410932693636299,0.82596922911082,10.0
4.44904985595605,0.8424212333043417,10.0
4.486718721374221,0.8598489029705239,10.0
4.5238887334826146,0.8783029063334176,10.0
4.560509335873023,0.8978339116170664,10.0
4.59652997213724,0.9184925870455138,10.0
4.631900085867061,0.9403296008428106,10.0
4.666569120654282,0.9633956212330024,10.0
4.700486520090694,0.987741316440135,10.0
4.733601722483424,1.0134173455885451,10.0
4.765850473237473,1.040450789894982,10.0
4.797125175045625,1.0687940984453708,10.0
4.827309675178201,1.0983849886815753,10.0
4.856287820905518,1.1291611780454536,10.0
4.883943459497898,1.1610603839788658,10.0
4.910160438225656,1.1940203239236744,10.0
4.934822604359114,1.2279787153217405,10.0
4.957813805168588,1.2628732756149252,10.0
4.9790178879244,1.2986417222450874,10.0
4.998318699896863,1.3352217726540891,10.0
5.015600088356303,1.3725511442837905,10.0
5.030745900573033,1.4105675545760523,10.0
5.0436844458337,1.449210675879255,10.0
5.0545331558651725,1.4884284958797085,10.0
5.0634597380098025,1.5281712127826428,10.0
5.070631900016517,1.5683890248111714,10.0
5.076217349634257,1.6090321301883994,10.0
5.080383794611956,1.6500507271374392,10.0
5.083298942698542,1.6913950138813993,10.0
5.085130501642961,1.7330151886433887,10.0
5.086046179194138,1.7748614496465158,10.0
5.0862136831010165,1.8168839951138913,10.0
5.085800721112522,1.8590330232686234,10.0
5.084975000977595,1.9012587323338213,11.951134333170577
5.083904230445167,1.9435113205325967,19.385310746261514
5.082756117264177,1.9857409860880544,50.0
5.081698369183558,2.0278979272233064,15.767083527350328
5.080898363329304,2.0699324330061772,13.048987191522686
5.080457157403872,2.111813014982011,12.381872235866153
5.080329652864091,2.1535483438042764,12.727427917068335
5.080451252952551,2.1951524476182858,14.043000178414013
5.080757360911852,2.236639354569352,16.98107020965241
5.081183379984585,2.278023092802785,50.0
5.081664713413346,2.3193176904638984,50.0
5.082136764440728,2.3605371756980027,50.0
5.082534936309326,2.4016955766504067,15.659250012220875
5.082794632261736,2.4428069214664268,12.928881160684234
5.082851255540552,2.4838852382913714,11.3423486935637
5.082640209388368,2.5249445552705527,10.358776402560139
5.08209689704778,2.5659989005492836,10.0
5.081156721761378,2.607062302272875,10.0
5.0797678182254575,2.6481469229363785,10.0
5.077948127828556,2.6892546956551806,10.0
5.0757393936955015,2.730384065669945,10.0062957646315
5.073183379158769,2.7715334752601395,10.597439245455337
5.070321847550824,2.8127013667052267,11.403610549089517
5.0671965622041295,2.8538861822846773,12.44700830948869
5.063849286451157,2.895086364277949,13.832679520157896
5.060321783624371,2.9363003549645157,15.803655172241827
5.056655817056241,2.9775265966238367,18.943096422147292
5.05289315007923,3.018763531535381,50.0
5.049075546025808,3.0600096019786127,50.0
5.045244768228441,3.101263250232998,50.0
5.041442580019597,3.1425229185780026,50.0
5.03771074473174,3.183787049293091,18.961677744890505
5.034091025697338,3.2250540846577307,17.24363988248756
5.030625162395227,3.2663224667031754,16.776330413875037
5.027335775503682,3.307590438519436,17.408622883460744
5.024191958662337,3.348855686219336,19.332184944996563
5.021153509171306,3.39011579918236,50.0
5.01818022433069,3.4313683667879955,50.0
5.015231901440602,3.4726109784157293,50.0
5.012268337801151,3.5138412234450476,50.0
5.009249330712448,3.5550566912554347,18.793771844379282
5.0061346774745985,3.5962549712263794,15.786555804973283
5.002884175387708,3.6374336527373696,13.874740126718262
4.999457621751896,3.678590325167886,12.524399493328017
4.995814813867257,3.7197225778974206,11.527960372930236
4.991915549033914,3.760828000305457,10.789070495684673
4.987719624551966,3.80190418177148,10.249269731427644
4.983186837721528,3.84294871167498,10.0
4.9782782622146105,3.883959141018688,10.0
4.972978300755367,3.9249323193692787,10.0
4.967291758992504,3.9658644828374188,10.0
4.961224130423968,4.0067518468521826,10.0
4.954780908547704,4.047590626842633,10.0
4.947967586861662,4.088377038237838,10.0
4.940789658863794,4.129107296466862,10.0
4.933252618052043,4.169777616958775,10.0
4.925361957924354,4.210384215142643,10.0
4.9171231719786785,4.250923306447532,10.0
4.908541753712965,4.291391106302509,10.0
4.899623196625161,4.331783830136642,10.0
4.890372994213212,4.372097693378997,10.022077677753389
4.880796639951281,4.412328911462067,10.029703858797458
4.870897841933603,4.45247395705512,10.011197488565301
4.860673668152755,4.49253025953041,10.0
4.85011964324408,4.53249547062644,10.0
4.839231291842921,4.572367242081714,10.0
4.828004138584619,4.612143225634731,10.0
4.816433708104521,4.651821073023999,10.0
4.804515525037967,4.691398435988016,10.0
4.792245114020302,4.730872966265287,10.0
4.779617999686867,4.770242315594312,10.0
4.76662970667301,4.809504135713596,10.0
4.753275759614068,4.848656078361639,10.0
4.739551683145388,4.887695795276946,10.0
4.725452989370707,4.926620836397104,10.0
4.710974681212305,4.965424615306002,10.0
4.696111087121922,5.00409506650226,10.0
4.680856489140732,5.042619747466613,10.0
4.6652051693099175,5.080986215679801,10.0
4.649151409670651,5.119182028622567,10.0
4.6326894922641095,5.157194743775644,10.0
4.615813699131474,5.195011918619775,10.0
4.5985183123139155,5.232621110635699,10.0
4.580797613852615,5.270009877304154,10.0
4.562645885788749,5.307165776105877,10.0
4.544057410163493,5.3440763645216105,10.0
4.525026469018025,5.380729200032094,10.0
4.50554734439352,5.417111840118064,10.0
4.485614318331157,5.45321184226026,10.0
4.465222052019465,5.489018079203265,10.0
4.444368261510819,5.5245300210278065,10.0
4.423052137606886,5.559752253726392,10.0
4.401272880652163,5.5946893963956805,10.0
4.379029690991155,5.629346068132334,10.0
4.356321768968366,5.663726888033015,10.0
4.333148314928289,5.697836475194382,10.0
4.309508529215437,5.7316794487130975,10.0
4.285401612174306,5.76526042768582,10.0
4.260826764149403,5.798584031209212,10.0
4.235783185485227,5.8316548783799345,10.0
4.21027007652628,5.8644775882946485,10.0
4.184286637617067,5.897056780050016,10.0
4.157832069102085,5.929397072742696,10.0
4.130905571325295,5.96150308546721,10.0
4.103500959455765,5.993358417247519,10.0
4.0755908090058295,6.024863761892211,10.0
4.047142459785464,6.055899376578671,10.0
4.018123251604644,6.086345518484285,10.0
3.9885005242733382,6.11608244478644,10.0
3.9582416176015296,6.144990412662525,10.0
3.9273138713991895,6.172949679289926,10.0
3.895684625476292,6.199840501846027,10.0
3.8633212196428146,6.225543137508219,10.0
3.83019099370873,6.249937843453885,10.0
3.7962612874840125,6.272904876860415,10.0
3.7614994407786395,6.294324494905195,10.0
3.7258728426803382,6.3140770678167195,10.0
3.6893737038130348,6.332099910427767,10.0
3.6520592810251364,6.348479564092977,10.0
3.6139973562670957,6.363326716447289,10.0
3.575255711489359,6.376752055125654,10.0
3.535902128642379,6.388866267763015,10.0
3.4960043896766035,6.399780041994316,10.0
3.4556302765424847,6.409604065454503,10.0
3.4148475711904713,6.418449025778522,10.0
3.3737240555710115,6.426425610601318,10.0
3.332327511634556,6.433644507557834,10.0
3.290725721331555,6.440216404283018,10.0
3.248986466612457,6.446251988411814,10.0
3.2071775294277134,6.451861947579167,10.387258014299734
3.165366691727774,6.457156969420024,12.453122855995506
3.1236216698103667,6.4622476854680135,15.895103046418274
3.0819913377119525,6.467228626239522,50.0
3.0404798075404043,6.472156072458394,50.0
2.999084689118622,6.477080748540716,50.0
2.957803592269497,6.482053378902569,17.58946553223037
2.91663412681593,6.487124687960038,14.560830449982442
2.8755739025808107,6.492345400129206,12.694812261583596
2.8346205293870406,6.497766239826153,11.395011164310441
2.7937716170575135,6.503437931466963,10.424780600995996
2.7530247754151236,6.5094111994677215,10.0
2.71237761428277,6.515736768244509,10.0
2.671827743483344,6.522465362213411,10.0
2.6313727728397454,6.529647705790507,10.0
2.5910103121748675,6.537334523391883,10.0
2.5507379713116074,6.545576539433623,10.0
2.5105533600728607,6.554424478331806,10.0
2.470454043186828,6.563928511626112,10.0
2.4304328172888616,6.574080352406592,10.0
2.390473567586491,6.584762456609144,10.0
2.350559202492819,6.595845304335902,11.413080317261713
2.3106726304209553,6.607199375688997,15.706373029947617
2.2707967597840075,6.61869515077056,50.0
2.2309144989950824,6.630203109682728,16.958652061154652
2.1910087564672858,6.6415937325276255,11.740100099386384
2.151062440613726,6.652737499407391,10.0
2.1110584598475106,6.663504890424149,10.0
2.0709797225817463,6.673766385680037,10.0
2.0308091372295407,6.683392465277186,10.0
1.9905296122039995,6.692253609317727,10.0
1.9501240559182311,6.700220297903791,10.0
1.909575376785344,6.707163011137511,10.0
1.8688666399977572,6.712953265324974,10.0
1.8279931963891047,6.717543776450968,10.0
1.7869713102613694,6.721025484210572,10.0
1.7458192828563717,6.7235027910768315,10.0
1.7045554154159261,6.725080099522795,10.0
1.663198009181849,6.725861812021509,10.0
1.6217653653959574,6.725952331046018,10.0
1.5802757853000702,6.72545605906937,10.0
1.5387475701360027,6.724477398564612,10.0
1.4971990211455712,6.723120752004786,11.222520696258231
1.4556484395705938,6.721490521862948,14.2480066129285
1.4141141266528874,6.719691110612136,50.0
1.3726143836342666,6.7178269207253996,50.0
1.3311675117565511,6.716002354675784,15.71498485768123
1.2897918122615564,6.714321814936338,12.185008396421518
1.2485055863910994,6.712889703980108,10.576463210557666
1.2073271353869974,6.711810424280139,10.0
1.1662743813360685,6.711186936261112,10.0
1.1253463057365098,6.711050163199327,10.0
1.0845145349287257,6.711326987910659,10.394614710086454
1.0437485615701676,6.711936178128675,11.654130810826045
1.0030178783182815,6.7127965015869355,14.029196095663544
0.9622919778305175,6.713826726019005,19.463044318802115
0.9215403527643256,6.714945619158443,50.0
0.8807324957771514,6.716071948738818,50.0
0.8398378995264486,6.717124482493685,14.668882134169882
0.7988260566696606,6.718021988156617,11.950166848049578
0.7576664598642369,6.718683233461168,10.372429255153396
0.716328601767628,6.719026986140908,10.0
0.6747819750372828,6.718972013929393,10.0
0.6329960723306485,6.718437084560191,10.0
0.5909403863051752,6.717340965766863,10.0
0.5485844096183095,6.715602425282971,10.0
0.5058976349275035,6.71314023084208,10.0
0.4628519627013632,6.709873023277914,10.0
0.41950209797864657,6.705715079341684,10.0
0.37600445076807176,6.700575315586737,10.0
0.33252166912686176,6.694362319800033,10.0
0.28921640111223956,6.68698467976854,10.0
0.2462512947814246,6.678350983279228,10.0
0.20378899819163943,6.66836981811906,10.0
0.1619921594001048,6.656949772075003,10.0
0.12102342646404152,6.643999432934023,10.0
0.08104544744067343,6.629427388483086,10.0
0.042220870387219556,6.613142226509161,10.0
0.004712343360902427,6.595052534799213,10.0
-0.031317485581056737,6.575066901140205,10.0
-0.06570596838143583,6.553093913319107,10.0
-0.09829045698301497,6.529042159122885,10.0
-0.12890830332857073,6.502820226338504,10.0
-0.15739685936088277,6.4743367027529315,10.0
-0.18359897375619338,6.443510155431432,10.0
-0.20745059354937467,6.4104281708098485,10.0
-0.2289653227489672,6.375319320976209,10.0
-0.2481591419443805,6.338416492683254,10.0
-0.26504803172502145,6.299952572683719,10.0
-0.27964797268030006,6.260160447730347,10.0
-0.2919749453996241,6.219273004575876,10.0
-0.302044930472404,6.177523129973047,10.0
-0.30987390848804575,6.1351437106745985,10.0
-0.31547786003596157,6.092367633433272,10.0
-0.31887276570555745,6.049427785001806,10.0
-0.3200746060862434,6.00655705213294,10.0
-0.31909936176742715,5.963988321579413,10.0
-0.315981287267888,5.921918616174434,10.0
-0.310842782490651,5.880371967004098,10.0
-0.30383278996982055,5.839320313304641,10.0
-0.2951002575895272,5.798735583812471,10.0
-0.28479413323390235,5.758589707264006,10.0
-0.27306336478707616,5.718854612395659,10.0
-0.2600569001331796,5.679502227943844,10.0
-0.24592368715634327,5.640504482644974,10.0
-0.2308126737406977,5.601833305235462,10.0
-0.21487280777037343,5.563460624451722,10.0
-0.19825303712950149,5.525358369030171,10.0
-0.18110230970221197,5.487498467707218,10.0
-0.16356901826196246,5.449852877684356,10.0
-0.14576063397172012,5.412395654549264,10.356419856233538
-0.12771638388333706,5.375104353324271,11.501480491758706
-0.10946902328463581,5.337956860892056,12.774433766633111
-0.09105130746343848,5.300931064135308,14.282489328726555
-0.07249599170756849,5.264004849936702,16.313220441739272
-0.053835831304848814,5.227156105178929,19.555468477248024
-0.03510358154310156,5.190362716744665,50.0
-0.016331997710149704,5.153602571516599,50.0
0.0024461649061833235,5.116853556377408,50.0
0.02119815101807676,5.08009355820978,50.0
0.039891205337704516,5.043300463896396,18.040229158778182
0.058492572577246715,5.006452160319939,15.552921882875557
0.07696949744888038,4.96952653436309,13.956508728610034
0.09528979284615646,4.932502721370366,12.846561893622964
0.11342576616572986,4.895369732433395,12.023150749702966
0.1313518608964359,4.858121272267483,11.377071714474138
0.1490425335024561,4.820751074098596,10.84652878603149
0.16647224044796838,4.783252871152696,10.393589210822952
0.1836154381971551,4.745620396655748,10.0
0.20044658321419595,4.707847383833714,10.0
0.21694013196327155,4.669927565912557,10.0
0.2330705409085625,4.631854676118241,10.0
0.24881226651424937,4.59362244767673,10.0
0.2641397652445119,4.555224613813989,10.0
0.2790274935635306,4.516654907755976,10.0
0.29345361193413977,4.477908658931617,10.0
0.30741873516879936,4.438990873258038,10.0
0.32093189488052065,4.399910183792435,10.0
0.33400213754080355,4.360675229995129,10.0
0.34663850962114484,4.321294651326443,10.0
0.35885005759304534,4.281777087246695,10.0
0.3706458279280045,4.242131177216208,10.0
0.3820348670975213,4.2023655606952985,10.0
0.3930262215730922,4.162488877144293,10.0
0.40362893782621967,4.122509766023508,10.0
0.4138520623284019,4.082436866793266,10.0
0.4237046415511352,4.042278818913889,10.0
0.4331957300436935,4.002044248595072,10.0
0.44233556986357403,3.9617398340804257,10.0
0.4511368320347038,3.921368269182868,10.148463896846893
0.45961248456891424,3.880931760541973,10.350590592553099
0.467775495478032,3.8404325147973077,10.569203192063975
0.4756388327738854,3.799872738588446,10.804684381214264
0.4832154644683029,3.7592546385549594,11.057721202613653
0.49051835857311366,3.71858042133642,11.33016610090875
0.49756048310014567,3.677852293572399,11.624361149790452
0.5043548060612255,3.637072461902469,11.940665885713775
0.5109142954681842,3.5962431329662,12.252248138558175
0.5172519193328475,3.5553665134031647,12.506641640268452
0.5233806456670451,3.514444809852935,12.64066235569527
0.5293134424826049,3.4734802289550855,12.59243415090441
0.535060798000714,3.432475022692307,12.326733888046759
0.540607968261984,3.3914319044192682,11.894133625812678
0.5459254895580408,3.3503538566421502,11.380775283278597
0.5509837142607288,3.3092438652301217,10.853538567784378
0.5557529947418951,3.268104916052346,10.355545581821232
0.560203683373385,3.2269399949779904,10.0
0.5643061325270446,3.1857520878762218,10.0
0.5680306945747211,3.144544180616201,10.0
0.5713477218882588,3.103319259067102,10.0
0.5742275668395038,3.0620803090980857,10.0
0.5766405818003038,3.0208303165783184,10.0
0.5785571191425034,2.979572267376967,10.0
0.5799475312379485,2.9383091473631975,10.0
0.580782170458487,2.8970439424061736,10.0
0.5810314128445868,2.8557796377858846,10.0
0.5806795864501675,2.81451887147586,10.0
0.5797484598111544,2.7732633494464505,10.0
0.5782660166174978,2.7320146229546287,10.0
0.5762602405591482,2.69077424325737,10.0
0.573759115326054,2.6495437616116515,10.0
0.5707906246081693,2.6083247292744414,10.0
0.56738275209544,2.5671186975027194,10.0
0.5635634814778174,2.52592721755346,10.0
0.5593607964452532,2.484751840683632,10.0
0.5548026806876964,2.4435941181502168,10.231662887591922
0.5499171178950975,2.4024556012101836,10.693530091129377
0.5447320917574068,2.361337841120508,11.206915011801723
0.5392755859645746,2.3202423891381647,11.771565492219707
0.5335755842065497,2.2791707965201304,12.383379445112448
0.5276597317676739,2.2381246450056924,13.032667726736516
0.5215498598034785,2.1971060400492526,13.717836738243696
0.5152629058359404,2.1561175279055185,14.452414074189203
0.5088156547965599,2.1151616685739816,15.25941264625121
0.5022248916168368,2.0742410220541334,16.176226038055503
0.49550740122827674,2.033358148345463,17.263276279209038
0.48867996856237994,1.9925156074474677,18.60201982897836
0.48175937855064843,1.9517159593596338,50.0
0.4747624161245838,1.910961764081457,50.0
0.4677058662156881,1.8702555816124293,50.0
0.4606065137554647,1.8295999719520386,50.0
0.4534811436754125,1.7889974950997802,50.0
0.4463465409070375,1.7484507110551408,50.0
0.4392194903818387,1.707962179817618,50.0
0.432116777031319,1.6675344613867018,50.0
0.4250545583571368,1.6271675391515592,50.0
0.418044995079057,1.5868449832727,50.0
0.41109867963480085,1.546543923586288,50.0
0.404226200760625,1.5062414747279849,19.615294398798653
0.39743814719278214,1.465914751333462,18.202000747836824
0.3907451076675237,1.4255408680383883,17.076409804141772
0.38415767092110764,1.385096939478425,16.15706681673469
0.37768642568978583,1.3445600802892421,15.392710660005877
0.37134196070981274,1.3039074051065047,14.748641917057272
0.3651348647174397,1.2631160285658798,14.200420119050612
0.3590757264489226,1.2221630653030335,13.730268075556811
0.35317513464051453,1.1810256299536352,13.293932097392736
0.3474436780284713,1.1396808371533471,12.727510418847034
0.3418919453490439,1.0981058015378429,11.919661888469083
0.3365305253384876,1.0562776377427816,10.88256127086411
0.3313700067330565,1.014173460403834,10.0
0.3264460767337245,0.9717860268207381,10.0
0.3219171343990124,0.9291845746830052,10.0
0.3179790236146345,0.8864616792372393,10.0
0.31482759744579303,0.8437099214511565,10.0
0.3126587089576822,0.8010218822924873,10.0
0.31166821121550337,0.758490142728953,10.0
0.31205195728445556,0.7162072837282742,10.0
0.31400580022973523,0.6742658862581823,10.0
0.31772559311654236,0.632758531286395,10.0
0.3234071890100738,0.5917777997806415,10.0
0.3312464409755296,0.5514162727086418,10.0
0.34143920207810874,0.5117665310381205,10.0
0.35418132538300773,0.4729211557368036,10.0
0.3696686639554265,0.43497272777241336,10.0
0.3880937258584427,0.3980146663745947,10.0
0.40948657802132615,0.3621810987341594,10.0
0.4336453379817522,0.327664278863651,10.0
0.4603503213218221,0.2946609219690306,10.0
0.48938184362363746,0.2633677432562538,10.0
0.5205202204693018,0.233981457931282,10.0
0.5535457674409137,0.20669878120007357,10.0
0.5882388001205792,0.18171642826858547,10.0
0.6243796340903955,0.15923111434278092,10.0
0.6617485849324702,0.13943955462860802,10.0
0.7001259682289005,0.12253846433203841,10.0
0.7392923257262907,0.10872383473869762,10.0
0.7790708232647647,0.09805522348708173,10.0
0.8193772368095864,0.09029575640702237,10.0
0.860139496065532,0.08516965694073697,10.0
0.9012855307373777,0.08240114853044278,10.0
0.9427432705299026,0.08171445461835591,10.0
0.9844406451478798,0.08283379864669249,10.0
1.026305584296086,0.08548340405767241,10.0
1.0682660176792993,0.0893874942935089,10.0
1.1102498750022969,0.09427029279641386,10.0
1.1521850859698506,0.09985602300861873,10.0
1.1939995802867398,0.1058689083723241,10.85617121808227
1.2356213127122913,0.11203323596290926,15.355381684512226
1.2770035564319095,0.11813759620181696,50.0
1.3181725389669459,0.1241558678019874,50.0
1.3591675490694244,0.13009510218752252,50.0
1.4000278754913613,0.13596235078254515,50.0
1.4407928069847808,0.14176466501115947,50.0
1.4815016323017045,0.1475090962974821,50.0
1.5221936401941538,0.15320269606561854,50.0
1.5629081194141476,0.15885251573969073,50.0
1.603682773225151,0.16446627894422705,50.0
1.6445268064062861,0.17006379182126108,50.0
1.685424754217777,0.17567531966181682,50.0
1.7263603372252638,0.18133147316340703,50.0
1.7673172759943845,0.18706286302355069,19.14021249175453
1.8082792910907792,0.19290009993976764,16.52842594978822
1.8492301030800857,0.19887379460956844,14.941705261990721
1.890153432527946,0.20501455773047517,14.042301936365305
1.931032999999998,0.2113530000000028,13.707871353384828
