1.7211480000000003,4.435104,2.0030298665998076
1.7711480000000002,4.435104,2.0
1.8211480000000009,4.435104,2.0
1.8711480000000007,4.435104,2.0
1.9211480000000005,4.435104,2.0
1.9711480000000003,4.435104,7.0
2.021148,4.435104,7.0
2.071148000000001,4.435104,7.0
2.1211480000000007,4.435104,7.0
2.1711480000000005,4.435104,7.0
2.2211480000000003,4.435104,7.0
2.271148,4.435104,7.0
2.321148000000001,4.435104,7.0
2.3711480000000007,4.435104,7.0
2.4211480000000005,4.435104,7.0
2.4711480000000003,4.435104,7.0
2.521148,4.435104,7.0
2.571148000000001,4.435104,7.0
2.6211480000000007,4.435104,7.0
2.6711480000000005,4.435104,7.0
2.7211480000000003,4.435104,7.0
2.771148,4.435104,7.0
2.821148000000001,4.435104,7.0
2.8711480000000007,4.435104,7.0
2.9211480000000005,4.435104,7.0
2.9711480000000003,4.435104,7.0
3.021148,4.435104,2.0
3.071148000000001,4.435104,2.0
3.1211480000000007,4.435104,2.0
3.1711480000000005,4.435104,2.0
3.2211480000000003,4.435104,2.0
3.2211480000000003,4.385104,2.0
3.1711480000000005,4.385104,2.0
3.1211480000000007,4.385104,2.0
3.071148000000001,4.385104,2.0
3.021148,4.385104,2.0
2.9711480000000003,4.385104,7.0
2.9211480000000005,4.385104,7.0
2.8711480000000007,4.385104,7.0
2.821148000000001,4.385104,7.0
2.771148,4.385104,7.0
2.7211480000000003,4.385104,7.0
2.6711480000000005,4.385104,7.0
2.6211480000000007,4.385104,7.0
2.571148000000001,4.385104,7.0
2.521148,4.385104,7.0
2.4711480000000003,4.385104,7.0
2.4211480000000005,4.385104,7.0
2.3711480000000007,4.385104,7.0
2.321148000000001,4.385104,7.0
2.271148,4.385104,7.0
2.2211480000000003,4.385104,7.0
2.1711480000000005,4.385104,7.0
2.1211480000000007,4.385104,7.0
2.071148000000001,4.385104,7.0
2.021148,4.385104,7.0
1.9711480000000003,4.385104,2.0
1.9211480000000005,4.385104,2.0
1.8711480000000007,4.385104,2.0
1.8211480000000009,4.385104,2.0
1.7711480000000002,4.385104,2.0
1.8211480000000009,4.335104,2.0
1.8711480000000007,4.335104,2.0
1.9211480000000005,4.335104,2.0
1.9711480000000003,4.335104,2.0
2.021148,4.335104,2.0
2.071148000000001,4.335104,7.0
2.1211480000000007,4.335104,7.0
2.1711480000000005,4.335104,7.0
2.2211480000000003,4.335104,7.0
2.271148,4.335104,7.0
2.321148000000001,4.335104,7.0
2.3711480000000007,4.335104,7.0
2.4211480000000005,4.335104,7.0
2.4711480000000003,4.335104,7.0
2.521148,4.335104,7.0
2.571148000000001,4.335104,7.0
2.6211480000000007,4.335104,7.0
2.6711480000000005,4.335104,7.0
2.7211480000000003,4.335104,7.0
2.771148,4.335104,7.0
2.821148000000001,4.335104,7.0
2.8711480000000007,4.335104,7.0
2.9211480000000005,4.335104,7.0
2.9711480000000003,4.335104,7.0
3.021148,4.335104,2.0
3.071148000000001,4.335104,2.0
3.1211480000000007,4.335104,2.0
3.1711480000000005,4.335104,2.0
3.2211480000000003,4.335104,2.0
3.2211480000000003,4.2851040000000005,2.0
3.1711480000000005,4.2851040000000005,2.0
3.1211480000000007,4.2851040000000005,2.0
3.071148000000001,4.2851040000000005,2.0
3.021148,4.2851040000000005,2.0
2.9711480000000003,4.2851040000000005,7.0
2.9211480000000005,4.2851040000000005,7.0
2.8711480000000007,4.2851040000000005,7.0
2.821148000000001,4.2851040000000005,7.0
2.771148,4.2851040000000005,7.0
2.7211480000000003,4.2851040000000005,7.0
2.6711480000000005,4.2851040000000005,7.0
2.6211480000000007,4.2851040000000005,7.0
2.571148000000001,4.2851040000000005,7.0
2.521148,4.2851040000000005,7.0
2.4711480000000003,4.2851040000000005,7.0
2.4211480000000005,4.2851040000000005,7.0
2.3711480000000007,4.2851040000000005,7.0
2.321148000000001,4.2851040000000005,7.0
2.271148,4.2851040000000005,7.0
2.2211480000000003,4.2851040000000005,7.0
2.1711480000000005,4.2851040000000005,7.0
2.1211480000000007,4.2851040000000005,2.0
2.071148000000001,4.2851040000000005,2.0
2.021148,4.2851040000000005,2.0
1.9711480000000003,4.2851040000000005,2.0
1.9211480000000005,4.2851040000000005,2.0
1.9711480000000003,4.235104000000001,2.0
2.021148,4.235104000000001,2.0
2.071148000000001,4.235104000000001,2.0
2.1211480000000007,4.235104000000001,2.0
2.1711480000000005,4.235104000000001,2.0
2.2211480000000003,4.235104000000001,7.0
2.271148,4.235104000000001,7.0
2.321148000000001,4.235104000000001,7.0
2.3711480000000007,4.235104000000001,7.0
2.4211480000000005,4.235104000000001,7.0
2.4711480000000003,4.235104000000001,7.0
2.521148,4.235104000000001,7.0
2.571148000000001,4.235104000000001,7.0
2.6211480000000007,4.235104000000001,7.0
2.6711480000000005,4.235104000000001,7.0
2.7211480000000003,4.235104000000001,7.0
2.771148,4.235104000000001,7.0
2.821148000000001,4.235104000000001,7.0
2.8711480000000007,4.235104000000001,7.0
2.9211480000000005,4.235104000000001,7.0
2.9711480000000003,4.235104000000001,7.0
3.021148,4.235104000000001,2.0
3.071148000000001,4.235104000000001,2.0
3.1211480000000007,4.235104000000001,2.0
3.1711480000000005,4.235104000000001,2.0
3.2211480000000003,4.235104000000001,2.0
3.2211480000000003,4.185104,2.0
3.1711480000000005,4.185104,2.0
3.1211480000000007,4.185104,2.0
3.071148000000001,4.185104,2.0
3.021148,4.185104,2.0
2.9711480000000003,4.185104,7.0
2.9211480000000005,4.185104,7.0
2.8711480000000007,4.185104,7.0
2.821148000000001,4.185104,7.0
2.771148,4.185104,7.0
2.7211480000000003,4.185104,7.0
2.6711480000000005,4.185104,7.0
2.6211480000000007,4.185104,7.0
2.571148000000001,4.185104,7.0
2.521148,4.185104,7.0
2.4711480000000003,4.185104,7.0
2.4211480000000005,4.185104,7.0
2.3711480000000007,4.185104,7.0
2.321148000000001,4.185104,7.0
2.271148,4.185104,7.0
2.2211480000000003,4.185104,2.0
2.1711480000000005,4.185104,2.0
2.1211480000000007,4.185104,2.0
2.071148000000001,4.185104,2.0
2.021148,4.185104,2.0
2.071148000000001,4.135104,2.0
2.1211480000000007,4.135104,2.0
2.1711480000000005,4.135104,2.0
2.2211480000000003,4.135104,2.0
2.271148,4.135104,2.0
2.321148000000001,4.135104,7.0
2.3711480000000007,4.135104,7.0
2.4211480000000005,4.135104,7.0
2.4711480000000003,4.135104,7.0
2.521148,4.135104,7.0
2.571148000000001,4.135104,7.0
2.6211480000000007,4.135104,7.0
2.6711480000000005,4.135104,7.0
2.7211480000000003,4.135104,7.0
2.771148,4.135104,7.0
2.821148000000001,4.135104,7.0
2.8711480000000007,4.135104,7.0
2.9211480000000005,4.135104,7.0
2.9711480000000003,4.135104,7.0
3.021148,4.135104,2.0
3.071148000000001,4.135104,2.0
3.1211480000000007,4.135104,2.0
3.1711480000000005,4.135104,2.0
3.2211480000000003,4.135104,2.0
3.2211480000000003,4.085104,2.0
3.1711480000000005,4.085104,2.0
3.1211480000000007,4.085104,2.0
3.071148000000001,4.085104,2.0
3.021148,4.085104,2.0
2.9711480000000003,4.085104,7.0
2.9211480000000005,4.085104,7.0
2.8711480000000007,4.085104,7.0
2.821148000000001,4.085104,7.0
2.771148,4.085104,7.0
2.7211480000000003,4.085104,7.0
2.6711480000000005,4.085104,7.0
2.6211480000000007,4.085104,7.0
2.571148000000001,4.085104,7.0
2.521148,4.085104,7.0
2.4711480000000003,4.085104,7.0
2.4211480000000005,4.085104,7.0
2.3711480000000007,4.085104,7.0
2.321148000000001,4.085104,2.0
2.271148,4.085104,2.0
2.2211480000000003,4.085104,2.0
2.1711480000000005,4.085104,2.0
2.1211480000000007,4.085104,2.0
2.2211480000000003,4.0351040000000005,2.0
2.271148,4.0351040000000005,2.0
2.321148000000001,4.0351040000000005,2.0
2.3711480000000007,4.0351040000000005,2.0
2.4211480000000005,4.0351040000000005,2.2447657137599597
2.4711480000000003,4.0351040000000005,7.0
2.521148,4.0351040000000005,7.0
2.571148000000001,4.0351040000000005,7.0
2.6211480000000007,4.0351040000000005,7.0
2.6711480000000005,4.0351040000000005,7.0
2.7211480000000003,4.0351040000000005,7.0
2.771148,4.0351040000000005,7.0
2.821148000000001,4.0351040000000005,7.0
2.8711480000000007,4.0351040000000005,7.0
2.9211480000000005,4.0351040000000005,7.0
2.9711480000000003,4.0351040000000005,7.0
3.021148,4.0351040000000005,2.0
3.071148000000001,4.0351040000000005,2.0
3.1211480000000007,4.0351040000000005,2.0
3.1711480000000005,4.0351040000000005,2.0
3.2211480000000003,4.0351040000000005,2.0
3.2211480000000003,3.9851040000000006,2.0
3.1711480000000005,3.9851040000000006,2.0
3.1211480000000007,3.9851040000000006,2.0
3.071148000000001,3.9851040000000006,2.0
3.021148,3.9851040000000006,2.0
2.9711480000000003,3.9851040000000006,7.0
2.9211480000000005,3.9851040000000006,7.0
2.8711480000000007,3.9851040000000006,7.0
2.821148000000001,3.9851040000000006,7.0
2.771148,3.9851040000000006,7.0
2.7211480000000003,3.9851040000000006,7.0
2.6711480000000005,3.9851040000000006,7.0
2.6211480000000007,3.9851040000000006,7.0
2.571148000000001,3.9851040000000006,7.0
2.521148,3.9851040000000006,7.0
2.4711480000000003,3.9851040000000006,2.0
2.4211480000000005,3.9851040000000006,2.0
2.3711480000000007,3.9851040000000006,2.0
2.321148000000001,3.9851040000000006,2.0
2.271148,3.9851040000000006,2.0
2.321148000000001,3.935104,2.0
2.3711480000000007,3.935104,2.0
2.4211480000000005,3.935104,2.0
2.4711480000000003,3.935104,2.0
2.521148,3.935104,2.0
2.571148000000001,3.935104,7.0
2.6211480000000007,3.935104,7.0
2.6711480000000005,3.935104,7.0
2.7211480000000003,3.935104,7.0
2.771148,3.935104,7.0
2.821148000000001,3.935104,7.0
2.8711480000000007,3.935104,7.0
2.9211480000000005,3.935104,7.0
2.9711480000000003,3.935104,7.0
3.021148,3.935104,2.0
3.071148000000001,3.935104,2.0
3.1211480000000007,3.935104,2.0
3.1711480000000005,3.935104,2.0
3.2211480000000003,3.935104,2.0
3.2211480000000003,3.885104,2.0
3.1711480000000005,3.885104,2.0
3.1211480000000007,3.885104,2.0
3.071148000000001,3.885104,2.0
3.021148,3.885104,2.0
2.9711480000000003,3.885104,7.0
2.9211480000000005,3.885104,7.0
2.8711480000000007,3.885104,7.0
2.821148000000001,3.885104,7.0
2.771148,3.885104,7.0
2.7211480000000003,3.885104,7.0
2.6711480000000005,3.885104,7.0
2.6211480000000007,3.885104,7.0
2.571148000000001,3.885104,2.0
2.521148,3.885104,2.0
2.4711480000000003,3.885104,2.0
2.4211480000000005,3.885104,2.0
2.3711480000000007,3.885104,2.0
2.4211480000000005,3.8351040000000003,2.0
2.4711480000000003,3.8351040000000003,2.0
2.521148,3.8351040000000003,2.0
2.571148000000001,3.8351040000000003,2.0
2.6211480000000007,3.8351040000000003,2.0
2.6711480000000005,3.8351040000000003,7.0
2.7211480000000003,3.8351040000000003,7.0
2.771148,3.8351040000000003,7.0
2.821148000000001,3.8351040000000003,7.0
2.8711480000000007,3.8351040000000003,7.0
2.9211480000000005,3.8351040000000003,7.0
2.9711480000000003,3.8351040000000003,7.0
3.021148,3.8351040000000003,2.0
3.071148000000001,3.8351040000000003,2.0
3.1211480000000007,3.8351040000000003,2.0
3.1711480000000005,3.8351040000000003,2.0
3.2211480000000003,3.8351040000000003,2.0
3.2211480000000003,3.7851040000000005,2.0
3.1711480000000005,3.7851040000000005,2.0
3.1211480000000007,3.7851040000000005,2.0
3.071148000000001,3.7851040000000005,2.0
3.021148,3.7851040000000005,2.0
2.9711480000000003,3.7851040000000005,7.0
2.9211480000000005,3.7851040000000005,7.0
2.8711480000000007,3.7851040000000005,7.0
2.821148000000001,3.7851040000000005,7.0
2.771148,3.7851040000000005,7.0
2.7211480000000003,3.7851040000000005,2.0
2.6711480000000005,3.7851040000000005,2.0
2.6211480000000007,3.7851040000000005,2.0
2.571148000000001,3.7851040000000005,2.0
2.521148,3.7851040000000005,2.0
2.571148000000001,3.7351040000000006,2.0
2.6211480000000007,3.7351040000000006,2.0
2.6711480000000005,3.7351040000000006,2.0
2.7211480000000003,3.7351040000000006,2.0
2.771148,3.7351040000000006,2.0
2.821148000000001,3.7351040000000006,7.0
2.8711480000000007,3.7351040000000006,7.0
2.9211480000000005,3.7351040000000006,7.0
2.9711480000000003,3.7351040000000006,7.0
3.021148,3.7351040000000006,2.0
3.071148000000001,3.7351040000000006,2.0
3.1211480000000007,3.7351040000000006,2.0
3.1711480000000005,3.7351040000000006,2.0
3.2211480000000003,3.7351040000000006,2.0
3.2211480000000003,3.685104,2.0
3.1711480000000005,3.685104,2.0
3.1211480000000007,3.685104,2.0
3.071148000000001,3.685104,2.0
3.021148,3.685104,2.0
2.9711480000000003,3.685104,7.0
2.9211480000000005,3.685104,7.0
2.8711480000000007,3.685104,7.0
2.821148000000001,3.685104,2.0
2.771148,3.685104,2.0
2.7211480000000003,3.685104,2.0
2.6711480000000005,3.685104,2.0
2.6211480000000007,3.685104,2.0
2.6711480000000005,3.635104,2.0
2.7211480000000003,3.635104,2.0
2.771148,3.635104,2.0
2.821148000000001,3.635104,2.0
2.8711480000000007,3.635104,2.0
2.9211480000000005,3.635104,7.0
2.9711480000000003,3.635104,7.0
3.021148,3.635104,2.0
3.071148000000001,3.635104,2.0
3.1211480000000007,3.635104,2.0
3.1711480000000005,3.635104,2.0
3.2211480000000003,3.635104,2.0
3.2211480000000003,3.5851040000000003,2.0
3.1711480000000005,3.5851040000000003,2.0
3.1211480000000007,3.5851040000000003,2.0
3.071148000000001,3.5851040000000003,2.0
3.021148,3.5851040000000003,2.0
2.9711480000000003,3.5851040000000003,7.0
2.9211480000000005,3.5851040000000003,2.0
2.8711480000000007,3.5851040000000003,2.0
2.821148000000001,3.5851040000000003,2.0
2.771148,3.5851040000000003,2.0
2.7211480000000003,3.5851040000000003,2.0
2.821148000000001,3.5351040000000005,2.0
2.8711480000000007,3.5351040000000005,2.0
2.9211480000000005,3.5351040000000005,2.0
2.9711480000000003,3.5351040000000005,2.0
3.021148,3.5351040000000005,3.096967373173116
3.071148000000001,3.5351040000000005,2.0
3.1211480000000007,3.5351040000000005,2.0
3.1711480000000005,3.5351040000000005,2.0
3.2211480000000003,3.5351040000000005,2.0
3.2211480000000003,3.4851040000000006,2.0
3.1711480000000005,3.4851040000000006,2.0
3.1211480000000007,3.4851040000000006,2.0
3.071148000000001,3.4851040000000006,2.0
3.021148,3.4851040000000006,2.0
2.9711480000000003,3.4851040000000006,2.0
2.9211480000000005,3.4851040000000006,2.0
2.8711480000000007,3.4851040000000006,2.0
2.9211480000000005,3.435104,2.0
2.9711480000000003,3.435104,2.0
3.021148,3.435104,2.0
3.071148000000001,3.435104,2.0
3.1211480000000007,3.435104,2.0
3.1711480000000005,3.435104,2.0
3.2211480000000003,3.435104,2.0
3.2211480000000003,3.385104,2.0
3.1711480000000005,3.385104,2.0
3.1211480000000007,3.385104,2.0
3.071148000000001,3.385104,2.0
3.021148,3.385104,2.0
2.9711480000000003,3.385104,2.0
3.021148,3.3351040000000003,2.0
3.071148000000001,3.3351040000000003,2.0
3.1211480000000007,3.3351040000000003,2.0
3.1711480000000005,3.3351040000000003,2.0
3.2211480000000003,3.3351040000000003,2.0
3.2211480000000003,3.2851040000000005,2.0
3.1711480000000005,3.2851040000000005,3.56610407828883
3.1211480000000007,3.2851040000000005,2.0
3.1711480000000005,3.2351040000000006,2.0
3.2211480000000003,3.2351040000000006,2.0
3.2211480000000003,3.185104,2.0
